xmodel,viewmodel_base_viewhands
material,gasmask_overlay
material,javelin_overlay_grain
material,mc/mtl_marine_glove
material,mc/mtl_marine_glovesleeve
techset,2d
techset,grain_overlay
techset,mc_l_hsm_r0c0
techset,mc_l_hsm_r0c0n0
techset,mc_l_hsm_r0c0n0s0
techset,mc_l_hsm_r0c0s0
techset,mc_l_hsm_skin_r0c0
techset,mc_l_hsm_skin_r0c0n0
techset,mc_l_hsm_skin_r0c0n0s0
techset,mc_l_hsm_skin_r0c0s0
techset,mc_l_sm_r0c0
techset,mc_l_sm_r0c0n0
techset,mc_l_sm_r0c0n0s0
techset,mc_l_sm_r0c0s0
techset,mc_l_sm_skin_r0c0
techset,mc_l_sm_skin_r0c0n0
techset,mc_l_sm_skin_r0c0n0s0
techset,mc_l_sm_skin_r0c0s0
techset,sm2/2d
techset,sm2/grain_overlay
techset,sm2/mc_l_hsm_r0c0
techset,sm2/mc_l_hsm_r0c0n0
techset,sm2/mc_l_hsm_r0c0n0s0
techset,sm2/mc_l_hsm_r0c0s0
techset,sm2/mc_l_hsm_skin_r0c0
techset,sm2/mc_l_hsm_skin_r0c0n0
techset,sm2/mc_l_hsm_skin_r0c0n0s0
techset,sm2/mc_l_hsm_skin_r0c0s0
techset,sm2/mc_l_sm_r0c0
techset,sm2/mc_l_sm_r0c0n0
techset,sm2/mc_l_sm_r0c0n0s0
techset,sm2/mc_l_sm_r0c0s0
techset,sm2/mc_l_sm_skin_r0c0
techset,sm2/mc_l_sm_skin_r0c0n0
techset,sm2/mc_l_sm_skin_r0c0n0s0
techset,sm2/mc_l_sm_skin_r0c0s0
image,gasmask_overlay
image,hud_cobra_hellfire
image,hud_cobra_missile_arrow_back
image,hud_cobra_missile_arrow_forward
image,hud_cobra_missile_arrow_left
image,hud_cobra_missile_arrow_right
image,hud_cobra_sidewinder
image,hud_javelin_bg
image,hud_javelin_clu_on
image,hud_javelin_day_on
image,hud_javelin_dir_on
image,hud_javelin_lock_box
image,hud_javelin_lock_on
image,hud_javelin_norocket_on
image,hud_javelin_rocket_on
image,hud_javelin_top_on
image,nightvision_overlay_grain
image,viewhands_marine_gloves_col
image,viewhands_marine_gloves_nml
image,~viewhands_marine_gloves_spc-~14a748c8
image,~viewhands_marine_gloves_spc-~d740812a
