material,ammo_counter_beltbullet
material,ammo_counter_bullet
material,ammo_counter_riflebullet
material,ammo_counter_rocket
material,ammo_counter_shotgunshell
material,black
material,compass_flag_american
material,compass_flag_british
material,compass_flag_neutral
material,compass_flag_opfor
material,compass_flag_russian
material,compass_noflag_american
material,compass_noflag_british
material,compass_noflag_opfor
material,compass_noflag_russian
material,compass_objpoint_airstrike_busy
material,compass_objpoint_airstrike_friendly
material,compass_objpoint_ammo
material,compass_objpoint_ammo_busy
material,compass_objpoint_flak
material,compass_objpoint_flak_busy
material,compass_objpoint_helicopter_busy
material,compass_objpoint_helicopter_friendly
material,compass_objpoint_satallite_busy
material,compass_objpoint_satallite_friendly
material,compass_overlay_map_blank
material,compass_radarline
material,compass_waypoint_bomb
material,compass_waypoint_capture
material,compass_waypoint_capture_a
material,compass_waypoint_capture_b
material,compass_waypoint_capture_c
material,compass_waypoint_capture_d
material,compass_waypoint_capture_e
material,compass_waypoint_captureneutral
material,compass_waypoint_captureneutral_a
material,compass_waypoint_captureneutral_b
material,compass_waypoint_captureneutral_c
material,compass_waypoint_captureneutral_d
material,compass_waypoint_captureneutral_e
material,compass_waypoint_defend
material,compass_waypoint_defend_a
material,compass_waypoint_defend_b
material,compass_waypoint_defend_c
material,compass_waypoint_defend_d
material,compass_waypoint_defend_e
material,compass_waypoint_defuse
material,compass_waypoint_defuse_a
material,compass_waypoint_defuse_b
material,compass_waypoint_taken_enemy
material,compass_waypoint_taken_friendly
material,compass_waypoint_taken_neutral
material,compass_waypoint_target
material,compass_waypoint_target_a
material,compass_waypoint_target_b
material,compassping_enemyfiring
material,compassping_enemyyelling
material,compassping_explosion
material,compassping_friendly_mp
material,compassping_friendlyfiring_mp
material,compassping_friendlyyelling_mp
material,compassping_grenade
material,damage_feedback
material,damage_feedback_j
material,decode_characters
material,decode_characters_glow
material,defusebomb
material,dtimer_0
material,dtimer_1
material,dtimer_2
material,dtimer_3
material,dtimer_4
material,dtimer_5
material,dtimer_6
material,dtimer_7
material,dtimer_8
material,dtimer_9
material,dtimer_bg
material,dtimer_bg_border
material,faction_128_arab
material,faction_128_sas
material,faction_128_usmc
material,faction_128_ussr
material,field_radio
material,field_radio_conflict
material,gfx_laser
material,gfx_laser_light
material,gfx_tracer
material,gradient_center
material,headicon_american
material,headicon_british
material,headicon_carrier
material,headicon_dead
material,headicon_opfor
material,headicon_russian
material,headicon_tag_it
material,headicondisconnected
material,headicontalkballoon
material,headiconvoicechat
material,headiconyouinkillcam
material,hint_friendly
material,hint_health
material,hint_mantle
material,hint_usable
material,hit_direction
material,hud_bullets_pistol
material,hud_bullets_rifle
material,hud_bullets_sniper
material,hud_bullets_spread
material,hud_bullets_support_back
material,hud_bullets_support_front
material,hud_checkbox_checked
material,hud_checkbox_clear
material,hud_checkbox_fail
material,hud_dpad_arrow
material,hud_flashbangicon
material,hud_grenadeicon
material,hud_grenadepointer
material,hud_grenadethrowback
material,hud_icon_nvg
material,hud_offscreenobjectivepointer
material,hud_status_connecting
material,hud_status_dead
material,hud_suitcase_bomb
material,hud_teamcaret
material,hudcolorbar
material,hudicon_american
material,hudicon_neutral
material,hudicon_opfor
material,hudscoreboardscroll_downarrow
material,hudscoreboardscroll_downkey
material,hudscoreboardscroll_uparrow
material,hudscoreboardscroll_upkey
material,hudsoftline
material,hudsoftlineh
material,hudstopwatch
material,hudstopwatchneedle
material,lagometer
material,line_vertical
material,map_artillery_selector
material,minimap_light_on
material,mpflag_american
material,mpflag_british
material,mpflag_german
material,mpflag_none
material,mpflag_russian
material,mpflag_spectator
material,net_disconnect
material,nightvision_overlay_goggles
material,objective
material,objective_american
material,objective_friendly
material,objective_friendly_chat
material,objective_german
material,objective_marines
material,objective_opfor
material,objectivea
material,objectiveb
material,objpoint_a
material,objpoint_ammo
material,objpoint_ammo_busy
material,objpoint_b
material,objpoint_bomb
material,objpoint_default
material,objpoint_flag_american
material,objpoint_flag_british
material,objpoint_flag_opfor
material,objpoint_flag_russian
material,objpoint_flag_x_american
material,objpoint_flag_x_british
material,objpoint_flag_x_opfor
material,objpoint_flag_x_russian
material,objpoint_flak
material,objpoint_flak_busy
material,objpoint_radio
material,objpoint_satallite
material,objpoint_satallite_busy
material,objpoint_satallite_friendly
material,objpoint_star
material,objpoint_tank
material,overlay_tag_it
material,plantbomb
material,progress_bar_bg
material,progress_bar_fg
material,progress_bar_fg_sel
material,progress_bar_fill
material,score_bar_allies
material,score_bar_bg
material,score_bar_opfor
material,scorebar_arab
material,scorebar_sas
material,scorebar_usmc
material,scorebar_ussr
material,specialty_armorvest
material,specialty_bulletaccuracy
material,specialty_bulletdamage
material,specialty_bulletpenetration
material,specialty_detectexplosive
material,specialty_explosivedamage
material,specialty_extraammo
material,specialty_fastreload
material,specialty_fraggrenade
material,specialty_gpsjammer
material,specialty_grenadepulldeath
material,specialty_holdbreath
material,specialty_locked
material,specialty_longersprint
material,specialty_null
material,specialty_parabolic
material,specialty_pistoldeath
material,specialty_quieter
material,specialty_rof
material,specialty_specialgrenade
material,specialty_twoprimaries
material,specialty_weapon_c4
material,specialty_weapon_claymore
material,specialty_weapon_rpg
material,stance_crouch
material,stance_flash
material,stance_prone
material,stance_stand
material,ui_camoskin_brock
material,ui_camoskin_bshdwl
material,ui_camoskin_bwmrpt
material,ui_camoskin_cmdtgr
material,ui_camoskin_gold
material,ui_camoskin_stagger
material,ui_perforation
material,voice_on
material,waypoint_airstrike_green
material,waypoint_airstrike_red
material,waypoint_airstrike_white
material,waypoint_bomb
material,waypoint_bomb_enemy
material,waypoint_bomb_headicon
material,waypoint_bombsquad
material,waypoint_capture
material,waypoint_capture_a
material,waypoint_capture_b
material,waypoint_capture_c
material,waypoint_capture_d
material,waypoint_capture_e
material,waypoint_captureneutral
material,waypoint_captureneutral_a
material,waypoint_captureneutral_b
material,waypoint_captureneutral_c
material,waypoint_captureneutral_d
material,waypoint_captureneutral_e
material,waypoint_defend
material,waypoint_defend_a
material,waypoint_defend_b
material,waypoint_defend_c
material,waypoint_defend_d
material,waypoint_defend_e
material,waypoint_defend_headicon
material,waypoint_defuse
material,waypoint_defuse_a
material,waypoint_defuse_b
material,waypoint_heli_green
material,waypoint_heli_red
material,waypoint_heli_white
material,waypoint_kill
material,waypoint_radar_green
material,waypoint_radar_red
material,waypoint_radar_white
material,waypoint_taken_enemy
material,waypoint_taken_friendly
material,waypoint_taken_neutral
material,waypoint_target
material,waypoint_target_a
material,waypoint_target_b
material,waypoint_targetneutral
material,weapon_ak47
material,weapon_aks74u
material,weapon_attachment_acog
material,weapon_attachment_gp25
material,weapon_attachment_grip
material,weapon_attachment_m203
material,weapon_attachment_reflex
material,weapon_attachment_suppressor
material,weapon_aw50
material,weapon_barrett50cal
material,weapon_benelli_m4
material,weapon_c4
material,weapon_claymore
material,weapon_colt_45
material,weapon_colt_45_silencer
material,weapon_concgrenade
material,weapon_desert_eagle
material,weapon_desert_eagle_gold
material,weapon_dragunovsvd
material,weapon_flashbang
material,weapon_fraggrenade
material,weapon_g3
material,weapon_g36c
material,weapon_gp25
material,weapon_m14
material,weapon_m14_scoped
material,weapon_m16a4
material,weapon_m203
material,weapon_m249saw
material,weapon_m40a3
material,weapon_m4carbine
material,weapon_m60e4
material,weapon_m9beretta
material,weapon_m9beretta_silencer
material,weapon_mini_uzi
material,weapon_missing_image
material,weapon_mp44
material,weapon_mp5
material,weapon_p90
material,weapon_remington700
material,weapon_rpd
material,weapon_rpg7
material,weapon_skorpion
material,weapon_smokegrenade
material,weapon_usp_45
material,weapon_usp_45_silencer
material,weapon_winchester1200
material,white_additive
techset,laser
techset,post_light
techset,sm2/laser
techset,sm2/post_light
techset,sm2/unlit
techset,unlit
image,ammo_counter_beltbullet
image,ammo_counter_bullet
image,ammo_counter_riflebullet
image,ammo_counter_rocket
image,ammo_counter_shotgunshell
image,artilleryarea
image,checkbox_checked
image,checkbox_clear
image,checkbox_fail
image,compass_flag_neutral
image,compass_objpoint_airstrike_busy
image,compass_objpoint_airstrike_friendly
image,compass_objpoint_ammo
image,compass_objpoint_ammo_busy
image,compass_objpoint_flak
image,compass_objpoint_flak_busy
image,compass_objpoint_helicopter_busy
image,compass_objpoint_helicopter_friendly
image,compass_objpoint_satallite_busy
image,compass_objpoint_satallite_friendly
image,compass_radarline
image,compass_taken_green
image,compass_taken_red
image,compass_taken_white
image,compass_waypoint_green
image,compass_waypoint_green_a
image,compass_waypoint_green_b
image,compass_waypoint_green_c
image,compass_waypoint_green_d
image,compass_waypoint_green_e
image,compass_waypoint_red
image,compass_waypoint_red_a
image,compass_waypoint_red_b
image,compass_waypoint_red_c
image,compass_waypoint_red_d
image,compass_waypoint_red_e
image,compass_waypoint_white
image,compass_waypoint_white_a
image,compass_waypoint_white_b
image,compass_waypoint_white_c
image,compass_waypoint_white_d
image,compass_waypoint_white_e
image,compass_waypoint_yellow
image,compassping_explosion
image,compassping_friendlyyelling_mp
image,compassping_green_mp
image,compassping_grenade
image,damage_feedback
image,damage_feedback_extrahealth
image,decode_characters
image,defusebomb
image,dpad_arrow
image,dtimer_0
image,dtimer_1
image,dtimer_2
image,dtimer_3
image,dtimer_4
image,dtimer_5
image,dtimer_6
image,dtimer_7
image,dtimer_8
image,dtimer_9
image,dtimer_bg
image,dtimer_bg_border
image,empty_overlay
image,faction_128_arab_gold
image,faction_128_russia_red
image,faction_128_sas_black
image,faction_128_usmc_silver
image,faction_128_ussr_red
image,field_radio
image,field_radio_conflict
image,flashbangicon
image,gradient_center
image,grenadeicon
image,grenadepointer
image,grenadethrowback
image,headicon_dead
image,headicon_quickmessage
image,headicon_tag_it
image,hint_health
image,hint_mantle
image,hint_usable
image,hit_direction
image,hud_bullets_pistol
image,hud_bullets_rifle
image,hud_bullets_sniper
image,hud_bullets_spread
image,hud_bullets_support_back
image,hud_bullets_support_front
image,hud_mpflag_american
image,hud_mpflag_british
image,hud_mpflag_german
image,hud_mpflag_none
image,hud_mpflag_russian
image,hud_mpflag_spectator
image,hud_nvg
image,hud_status_connecting
image,hud_status_dead
image,hud_suitcase_bomb
image,hud_teamcaret
image,hudcolorbar
image,hudicon_american
image,hudicon_neutral
image,hudicon_opfor
image,killcamindicator_english
image,lag
image,laser
image,laser_dust
image,laser_light
image,line_vertical
image,minimap_light_on
image,net
image,nightvision_overlay_goggles
image,objective
image,objective_american
image,objective_friendly
image,objective_friendly_chat
image,objective_german
image,objective_russian
image,objectivea
image,objectiveb
image,objpoint_a
image,objpoint_ammo
image,objpoint_ammo_busy
image,objpoint_b
image,objpoint_bomb
image,objpoint_default
image,objpoint_flag_american
image,objpoint_flag_british
image,objpoint_flag_neutral
image,objpoint_flag_opfor
image,objpoint_flag_russian
image,objpoint_flag_x_american
image,objpoint_flag_x_british
image,objpoint_flag_x_opfor
image,objpoint_flag_x_russian
image,objpoint_flak
image,objpoint_flak_busy
image,objpoint_radio
image,objpoint_satallite
image,objpoint_satallite_busy
image,objpoint_satallite_friendly
image,objpoint_star
image,objpoint_tank
image,offscreenobjectivepointer
image,overlay_tag_it
image,plantbomb
image,progress_bar_background
image,progress_bar_frame
image,progress_bar_frame_sel
image,score_bar_allies
image,score_bar_bg
image,score_bar_opfor
image,scorebar_arab
image,scorebar_sas
image,scorebar_usmc
image,scorebar_ussr
image,scoreboardscroll_downarrow
image,scoreboardscroll_downkey
image,scoreboardscroll_uparrow
image,scoreboardscroll_upkey
image,softline
image,softlineh
image,specialty_armorvest
image,specialty_bulletaccuracy
image,specialty_bulletdamage
image,specialty_bulletpenetration
image,specialty_detectexplosives
image,specialty_explosivedamage
image,specialty_extraammo
image,specialty_fastreload
image,specialty_fraggrenade
image,specialty_gpsjammer
image,specialty_grenadepulldeath
image,specialty_holdbreath
image,specialty_locked
image,specialty_longersprint
image,specialty_null
image,specialty_parabolic
image,specialty_pistoldeath
image,specialty_quieter
image,specialty_rof
image,specialty_specialgrenade
image,specialty_twoprimaries
image,specialty_weapon_c4
image,specialty_weapon_claymore
image,specialty_weapon_rpg
image,stance_crouch
image,stance_flash
image,stance_prone
image,stance_stand
image,stopwatch
image,stopwatchneedle
image,talkballoon
image,tracer#0
image,ui_camo_brock
image,ui_camo_bshdwl
image,ui_camo_bwmrpt
image,ui_camo_cmdtgr
image,ui_camo_gold
image,ui_camo_stagger
image,ui_perforation
image,waypoint_airstrike_green
image,waypoint_airstrike_red
image,waypoint_airstrike_white
image,waypoint_bomb
image,waypoint_bomb_red
image,waypoint_bombsquad
image,waypoint_capture
image,waypoint_capture_a
image,waypoint_capture_b
image,waypoint_capture_c
image,waypoint_capture_d
image,waypoint_capture_e
image,waypoint_captureneutral
image,waypoint_captureneutral_a
image,waypoint_captureneutral_b
image,waypoint_captureneutral_c
image,waypoint_captureneutral_d
image,waypoint_captureneutral_e
image,waypoint_defend
image,waypoint_defend_a
image,waypoint_defend_b
image,waypoint_defend_c
image,waypoint_defend_d
image,waypoint_defend_e
image,waypoint_defuse
image,waypoint_defuse_a
image,waypoint_defuse_b
image,waypoint_heli_green
image,waypoint_heli_red
image,waypoint_heli_white
image,waypoint_kill
image,waypoint_radar_green
image,waypoint_radar_red
image,waypoint_radar_white
image,waypoint_taken_green
image,waypoint_taken_red
image,waypoint_taken_white
image,waypoint_target
image,waypoint_target_a
image,waypoint_target_b
image,waypoint_targetneutral
image,weapon_ak47
image,weapon_aks74u
image,weapon_attachment_acog
image,weapon_attachment_gp25
image,weapon_attachment_grip
image,weapon_attachment_m203
image,weapon_attachment_reflex
image,weapon_attachment_suppressor
image,weapon_aw50
image,weapon_barrett50cal
image,weapon_benelli_m4
image,weapon_c4
image,weapon_claymore
image,weapon_colt_45
image,weapon_colt_45_suppressor
image,weapon_concgrenade
image,weapon_desert_eagle
image,weapon_desert_eagle_gold
image,weapon_dragunovsvd
image,weapon_flashbang
image,weapon_fraggrenade
image,weapon_g3
image,weapon_g36c
image,weapon_m14
image,weapon_m14_scoped
image,weapon_m16a4
image,weapon_m203
image,weapon_m249saw
image,weapon_m40a3
image,weapon_m4carbine
image,weapon_m60e4
image,weapon_m9beretta
image,weapon_m9beretta_suppressor
image,weapon_mini_uzi
image,weapon_missing_image
image,weapon_mp44
image,weapon_mp5
image,weapon_p90
image,weapon_remington700
image,weapon_rpd
image,weapon_rpg7
image,weapon_skorpion
image,weapon_smokegrenade
image,weapon_usp_45
image,weapon_usp_45_suppressor
image,weapon_winchester1200
sndcurve,helicopter1
sndcurve,reaction
sndcurve,weapon1
sndcurve,weapon2
sndcurve,weapon4
sndcurve,weapon_grenadebounce
loaded_sound,ac130/ac130_40mm_fire_c2.wav
loaded_sound,amb_emitters/emt_tree_leaf_rustle01.wav
loaded_sound,amb_emitters/emt_tree_leaf_rustle02.wav
loaded_sound,amb_emitters/emt_tree_palm_rustle01.wav
loaded_sound,amb_emitters/emt_tree_palm_rustle02.wav
loaded_sound,bodyfalls/bodyfall_dirt01.wav
loaded_sound,bodyfalls/bodyfall_dirt02.wav
loaded_sound,bodyfalls/bodyfall_dirt03.wav
loaded_sound,bodyfalls/bodyfall_dirt04.wav
loaded_sound,bodyfalls/bodyfall_dirt05.wav
loaded_sound,bodyfalls/bodyfall_metal01.wav
loaded_sound,bodyfalls/bodyfall_metal02.wav
loaded_sound,bodyfalls/bodyfall_metal03.wav
loaded_sound,bodyfalls/bodyfall_stone01.wav
loaded_sound,bodyfalls/bodyfall_stone02.wav
loaded_sound,bodyfalls/bodyfall_stone03.wav
loaded_sound,bodyfalls/bodyfall_stone04.wav
loaded_sound,bodyfalls/bodyfall_stone05.wav
loaded_sound,bodyfalls/bodyfall_water01.wav
loaded_sound,bodyfalls/bodyfall_water02.wav
loaded_sound,bodyfalls/bodyfall_water03.wav
loaded_sound,bodyfalls/bodyfall_wood01.wav
loaded_sound,bodyfalls/bodyfall_wood02.wav
loaded_sound,bodyfalls/bodyfall_wood03.wav
loaded_sound,bodyfalls/bodyfall_wood04.wav
loaded_sound,bodyfalls/dive_over_wall01.wav
loaded_sound,bodyfalls/dive_over_wall02.wav
loaded_sound,bodyfalls/mrk_bodyfall_dirtsand01.wav
loaded_sound,bodyfalls/mrk_bodyfall_dirtsand02.wav
loaded_sound,cobra/weap_lau61c_fire.wav
loaded_sound,cobra/weap_m197_cannon_fire.wav
loaded_sound,doors/door_bounce.wav
loaded_sound,doors/door_wd_kick.wav
loaded_sound,explosions/exp_metal_armor_detail01.wav
loaded_sound,explosions/exp_metal_armor_detail02.wav
loaded_sound,explosions/exp_metal_armor_veh02.wav
loaded_sound,explosions/exp_metal_armor_veh03.wav
loaded_sound,explosions/exp_metal_armor_veh08.wav
loaded_sound,explosions/exp_suitcase_bomb_close1.wav
loaded_sound,explosions/exp_suitcase_bomb_sweet1.wav
loaded_sound,explosions/expl_heli_crash_big1.wav
loaded_sound,explosions/expl_heli_hit1.wav
loaded_sound,explosions/explo_detpack_main1.wav
loaded_sound,explosions/explo_detpack_main2.wav
loaded_sound,explosions/explo_detpack_main3.wav
loaded_sound,explosions/explo_rock01.wav
loaded_sound,explosions/explo_rock02.wav
loaded_sound,explosions/glass_break_automobile_med01.wav
loaded_sound,explosions/glass_break_automobile_med02.wav
loaded_sound,explosions/glass_break_automobile_med03.wav
loaded_sound,explosions/glass_break_automobile_sml01.wav
loaded_sound,explosions/glass_break_automobile_sml02.wav
loaded_sound,explosions/glass_break_automobile_sml03.wav
loaded_sound,explosions/glass_break_automobile_sml04.wav
loaded_sound,explosions/grenade_explo01.wav
loaded_sound,explosions/grenade_explo02.wav
loaded_sound,explosions/grenade_explo03.wav
loaded_sound,explosions/helicopter_spindown_mp1.wav
loaded_sound,explosions/metaldoor_explosion_1.wav
loaded_sound,explosions/veh_tire_expl_blowout1.wav
loaded_sound,explosions/veh_tire_expl_blowout2.wav
loaded_sound,explosions/veh_tire_expl_blowout3.wav
loaded_sound,explosions/wood_crate_brk_debris1.wav
loaded_sound,explosions/wood_crate_brk_debris2.wav
loaded_sound,explosions/wood_crate_brk_debris3.wav
loaded_sound,explosions/wood_crate_brk_debris4.wav
loaded_sound,explosions/wood_crate_brk_med1.wav
loaded_sound,explosions/wood_crate_brk_med2.wav
loaded_sound,explosions/wood_crate_brk_med3.wav
loaded_sound,explosions/wood_crate_brk_med4.wav
loaded_sound,fire/fire_metal_med1v2res.wav
loaded_sound,fire/fire_sm_loop01.wav
loaded_sound,fire/fire_woodtrash_small1v2res.wav
loaded_sound,fire/fire_woodtrash_small2v2res.wav
loaded_sound,foley/foly_gear_land1.wav
loaded_sound,foley/foly_gear_land2.wav
loaded_sound,foley/foly_gear_land3.wav
loaded_sound,foley/foly_gear_land4.wav
loaded_sound,foley/foly_gear_land5.wav
loaded_sound,foley/foly_gear_land6.wav
loaded_sound,foley/foly_gear_rattle1.wav
loaded_sound,foley/foly_gear_rattle2.wav
loaded_sound,foley/foly_gear_rattle3.wav
loaded_sound,foley/foly_gear_rattle4.wav
loaded_sound,foley/foly_gear_rattle5.wav
loaded_sound,foley/foly_gear_rattle6.wav
loaded_sound,foley/foly_gear_rattle_sprint1.wav
loaded_sound,foley/foly_gear_rattle_sprint2.wav
loaded_sound,foley/foly_gear_rattle_sprint3.wav
loaded_sound,foley/foly_gear_rattle_sprint4.wav
loaded_sound,foley/foly_gear_rattle_sprint5.wav
loaded_sound,foley/foly_gear_rattle_sprint6.wav
loaded_sound,foley/foly_gear_rattle_walk1.wav
loaded_sound,foley/foly_gear_rattle_walk2.wav
loaded_sound,foley/foly_gear_rattle_walk3.wav
loaded_sound,foley/foly_gear_rattle_walk4.wav
loaded_sound,foley/foly_gear_rattle_walk5.wav
loaded_sound,foley/foly_gear_rattle_walk6.wav
loaded_sound,foley/wpfoly_ak47_reload_chamber_v4.wav
loaded_sound,foley/wpfoly_ak47_reload_clipin_v4.wav
loaded_sound,foley/wpfoly_ak47_reload_clipout_v5.wav
loaded_sound,foley/wpfoly_ak47_reload_lift_v4.wav
loaded_sound,foley/wpfoly_ak47gp25_grnd_chamber_v1.wav
loaded_sound,foley/wpfoly_ak47gp25_grnd_lift_v1.wav
loaded_sound,foley/wpfoly_ak74u_reload_chamber_v4.wav
loaded_sound,foley/wpfoly_ak74u_reload_clipin_v4.wav
loaded_sound,foley/wpfoly_ak74u_reload_clipout_v5.wav
loaded_sound,foley/wpfoly_ak74u_reload_lift_v4.wav
loaded_sound,foley/wpfoly_at4_drop_v1.wav
loaded_sound,foley/wpfoly_at4_raise_first_v1.wav
loaded_sound,foley/wpfoly_at4_raise_v1.wav
loaded_sound,foley/wpfoly_beretta9mm_reload_chamber_v2.wav
loaded_sound,foley/wpfoly_beretta9mm_reload_clipin_v2.wav
loaded_sound,foley/wpfoly_beretta9mm_reload_clipout_v2.wav
loaded_sound,foley/wpfoly_case_bomb_beep_tone1.wav
loaded_sound,foley/wpfoly_case_bomb_beep_tone2.wav
loaded_sound,foley/wpfoly_case_bomb_beep_tone3.wav
loaded_sound,foley/wpfoly_case_bomb_beep_tone4.wav
loaded_sound,foley/wpfoly_case_bomb_beep_tone5.wav
loaded_sound,foley/wpfoly_case_bomb_beep_tone6.wav
loaded_sound,foley/wpfoly_case_bomb_beep_tone7.wav
loaded_sound,foley/wpfoly_case_bomb_beep_tone8.wav
loaded_sound,foley/wpfoly_case_bomb_defuse_v1.wav
loaded_sound,foley/wpfoly_case_bomb_drop_v1.wav
loaded_sound,foley/wpfoly_case_bomb_interrupt_v1.wav
loaded_sound,foley/wpfoly_case_bomb_raise_v1.wav
loaded_sound,foley/wpfoly_colt1911_reload_chamber_v1.wav
loaded_sound,foley/wpfoly_colt1911_reload_clipin_v1.wav
loaded_sound,foley/wpfoly_colt1911_reload_clipout_v1.wav
loaded_sound,foley/wpfoly_colt1911_reload_lift_v1.wav
loaded_sound,foley/wpfoly_de50_reload_chamber_v1.wav
loaded_sound,foley/wpfoly_de50_reload_clipin_v1.wav
loaded_sound,foley/wpfoly_de50_reload_clipout_v1.wav
loaded_sound,foley/wpfoly_dragunov_reload_chamber_v1.wav
loaded_sound,foley/wpfoly_dragunov_reload_clipin_v1.wav
loaded_sound,foley/wpfoly_dragunov_reload_clipout_v2.wav
loaded_sound,foley/wpfoly_dragunov_reload_lift_v1.wav
loaded_sound,foley/wpfoly_g36_reload_chamber_v1.wav
loaded_sound,foley/wpfoly_g36_reload_clipin_v1.wav
loaded_sound,foley/wpfoly_g36_reload_clipout_v1.wav
loaded_sound,foley/wpfoly_g36_reload_lift_v1.wav
loaded_sound,foley/wpfoly_g3_reload_chamber_v1.wav
loaded_sound,foley/wpfoly_g3_reload_clipin_v1.wav
loaded_sound,foley/wpfoly_g3_reload_clipout_v2.wav
loaded_sound,foley/wpfoly_g3_reload_lift_v1.wav
loaded_sound,foley/wpfoly_javelin_pickup_lift_v1.wav
loaded_sound,foley/wpfoly_javelin_pickup_removecap_v1.wav
loaded_sound,foley/wpfoly_javelin_reload_lift_v1.wav
loaded_sound,foley/wpfoly_javelin_reload_tube_v1.wav
loaded_sound,foley/wpfoly_m14_reload_chamber_v1.wav
loaded_sound,foley/wpfoly_m14_reload_clipin_tac_v1.wav
loaded_sound,foley/wpfoly_m14_reload_clipin_v1.wav
loaded_sound,foley/wpfoly_m14_reload_clipout_v1.wav
loaded_sound,foley/wpfoly_m14_reload_lift_v1.wav
loaded_sound,foley/wpfoly_m203_chamber_close_v12.wav
loaded_sound,foley/wpfoly_m203_chamber_open_v12.wav
loaded_sound,foley/wpfoly_m203_load_v12.wav
loaded_sound,foley/wpfoly_m249_reload_chamber_v1.wav
loaded_sound,foley/wpfoly_m249_reload_clipin_v1.wav
loaded_sound,foley/wpfoly_m249_reload_clipout_v1.wav
loaded_sound,foley/wpfoly_m249_reload_close_v2.wav
loaded_sound,foley/wpfoly_m249_reload_open_v1.wav
loaded_sound,foley/wpfoly_m40a3_end_v1.wav
loaded_sound,foley/wpfoly_m40a3_loop_v1.wav
loaded_sound,foley/wpfoly_m40a3_loop_v2.wav
loaded_sound,foley/wpfoly_m40a3_rechamber_v1.wav
loaded_sound,foley/wpfoly_m40a3_start_v2.wav
loaded_sound,foley/wpfoly_m44_reload_chamber_v1.wav
loaded_sound,foley/wpfoly_m44_reload_clipin_v1.wav
loaded_sound,foley/wpfoly_m44_reload_clipout_v1.wav
loaded_sound,foley/wpfoly_m44_reload_lift_v1.wav
loaded_sound,foley/wpfoly_m4_reload_chamber.wav
loaded_sound,foley/wpfoly_m4_reload_clipin.wav
loaded_sound,foley/wpfoly_m4_reload_clipout.wav
loaded_sound,foley/wpfoly_m4_reload_lift.wav
loaded_sound,foley/wpfoly_m4ben_reload_end_v1.wav
loaded_sound,foley/wpfoly_m4ben_reload_lift_v1.wav
loaded_sound,foley/wpfoly_m4ben_reload_loop_v1.wav
loaded_sound,foley/wpfoly_m60_reload_chamber_v1.wav
loaded_sound,foley/wpfoly_m60_reload_clipin_v1.wav
loaded_sound,foley/wpfoly_m60_reload_clipout_v1.wav
loaded_sound,foley/wpfoly_m60_reload_close_v1.wav
loaded_sound,foley/wpfoly_m60_reload_drop_v1.wav
loaded_sound,foley/wpfoly_m60_reload_hit_v1.wav
loaded_sound,foley/wpfoly_m60_reload_lift_v1.wav
loaded_sound,foley/wpfoly_m60_reload_open_v1.wav
loaded_sound,foley/wpfoly_m60_reload_raise_v1.wav
loaded_sound,foley/wpfoly_m82_reload_chamber_v1.wav
loaded_sound,foley/wpfoly_m82_reload_clipin_v1.wav
loaded_sound,foley/wpfoly_m82_reload_clipout_v1.wav
loaded_sound,foley/wpfoly_m82_reload_lift_v1.wav
loaded_sound,foley/wpfoly_miniuzi_reload_chamber_v1.wav
loaded_sound,foley/wpfoly_miniuzi_reload_clipin_v1.wav
loaded_sound,foley/wpfoly_miniuzi_reload_clipout_v2.wav
loaded_sound,foley/wpfoly_miniuzi_reload_lift_v1.wav
loaded_sound,foley/wpfoly_mp5_reload_chamber_v3.wav
loaded_sound,foley/wpfoly_mp5_reload_clipin_v4.wav
loaded_sound,foley/wpfoly_mp5_reload_clipout_v4.wav
loaded_sound,foley/wpfoly_p90_pickup_lift_v1.wav
loaded_sound,foley/wpfoly_p90_reload_chamber_v1.wav
loaded_sound,foley/wpfoly_p90_reload_clipin_v1.wav
loaded_sound,foley/wpfoly_p90_reload_clipout_v1.wav
loaded_sound,foley/wpfoly_p90_reload_hit_v1.wav
loaded_sound,foley/wpfoly_p90_reload_lift_v1.wav
loaded_sound,foley/wpfoly_rpd_reload_chamber_v1.wav
loaded_sound,foley/wpfoly_rpd_reload_clipin_v1.wav
loaded_sound,foley/wpfoly_rpd_reload_clipout_v1.wav
loaded_sound,foley/wpfoly_rpd_reload_close_v1.wav
loaded_sound,foley/wpfoly_rpd_reload_hit_v1.wav
loaded_sound,foley/wpfoly_rpd_reload_lift_v1.wav
loaded_sound,foley/wpfoly_rpd_reload_open_v1.wav
loaded_sound,foley/wpfoly_rpg_reload_insert_v2.wav
loaded_sound,foley/wpfoly_rpg_reload_lift_v1.wav
loaded_sound,foley/wpfoly_rpg_reload_twist_v2.wav
loaded_sound,foley/wpfoly_skorpion_reload_chamber_v1.wav
loaded_sound,foley/wpfoly_skorpion_reload_clipin_v1.wav
loaded_sound,foley/wpfoly_skorpion_reload_clipout_v1.wav
loaded_sound,foley/wpfoly_skorpion_reload_lift_v1.wav
loaded_sound,foley/wpfoly_stinger_pickup_lift_v1.wav
loaded_sound,foley/wpfoly_stinger_pickup_open_v1.wav
loaded_sound,foley/wpfoly_usp_reload_chamber_v1.wav
loaded_sound,foley/wpfoly_usp_reload_clipin_v1.wav
loaded_sound,foley/wpfoly_usp_reload_clipout_v2.wav
loaded_sound,foley/wpfoly_usp_reload_lift_v1.wav
loaded_sound,foley/wpfoly_winchester_reload_lift_v1.wav
loaded_sound,foley/wpfoly_winchester_reload_loop_v1.wav
loaded_sound,foley/wpfoly_winchester_reload_pump_v1.wav
loaded_sound,footsteps/crawl01.wav
loaded_sound,footsteps/crawl02.wav
loaded_sound,footsteps/foot_carpet01.wav
loaded_sound,footsteps/foot_carpet02.wav
loaded_sound,footsteps/foot_carpet03.wav
loaded_sound,footsteps/foot_carpet04.wav
loaded_sound,footsteps/foot_dirt01.wav
loaded_sound,footsteps/foot_dirt02.wav
loaded_sound,footsteps/foot_dirt03.wav
loaded_sound,footsteps/foot_dirt04.wav
loaded_sound,footsteps/foot_glass_dirt01.wav
loaded_sound,footsteps/foot_glass_dirt02.wav
loaded_sound,footsteps/foot_glass_dirt03.wav
loaded_sound,footsteps/foot_glass_dirt04.wav
loaded_sound,footsteps/foot_grass01.wav
loaded_sound,footsteps/foot_grass02.wav
loaded_sound,footsteps/foot_grass03.wav
loaded_sound,footsteps/foot_grass04.wav
loaded_sound,footsteps/foot_leaves01.wav
loaded_sound,footsteps/foot_leaves02.wav
loaded_sound,footsteps/foot_leaves03.wav
loaded_sound,footsteps/foot_leaves04.wav
loaded_sound,footsteps/foot_metal01.wav
loaded_sound,footsteps/foot_metal02.wav
loaded_sound,footsteps/foot_metal03.wav
loaded_sound,footsteps/foot_metal04.wav
loaded_sound,footsteps/foot_mud01.wav
loaded_sound,footsteps/foot_mud02.wav
loaded_sound,footsteps/foot_mud03.wav
loaded_sound,footsteps/foot_mud04.wav
loaded_sound,footsteps/foot_prone_cement01.wav
loaded_sound,footsteps/foot_prone_cement02.wav
loaded_sound,footsteps/foot_prone_cement03.wav
loaded_sound,footsteps/foot_prone_cement04.wav
loaded_sound,footsteps/foot_prone_cement05.wav
loaded_sound,footsteps/foot_prone_dirt01.wav
loaded_sound,footsteps/foot_prone_dirt02.wav
loaded_sound,footsteps/foot_prone_dirt03.wav
loaded_sound,footsteps/foot_prone_dirt04.wav
loaded_sound,footsteps/foot_prone_dirt05.wav
loaded_sound,footsteps/foot_prone_grass01.wav
loaded_sound,footsteps/foot_prone_grass02.wav
loaded_sound,footsteps/foot_prone_grass03.wav
loaded_sound,footsteps/foot_prone_grass04.wav
loaded_sound,footsteps/foot_prone_grass05.wav
loaded_sound,footsteps/foot_snow01.wav
loaded_sound,footsteps/foot_snow02.wav
loaded_sound,footsteps/foot_snow03.wav
loaded_sound,footsteps/foot_snow04.wav
loaded_sound,footsteps/foot_stone01.wav
loaded_sound,footsteps/foot_stone02.wav
loaded_sound,footsteps/foot_stone03.wav
loaded_sound,footsteps/foot_stone04.wav
loaded_sound,footsteps/foot_water_shallow1.wav
loaded_sound,footsteps/foot_water_shallow2.wav
loaded_sound,footsteps/foot_water_shallow3.wav
loaded_sound,footsteps/foot_water_shallow4.wav
loaded_sound,footsteps/foot_water_shallow5.wav
loaded_sound,footsteps/foot_wood01.wav
loaded_sound,footsteps/foot_wood02.wav
loaded_sound,footsteps/foot_wood03.wav
loaded_sound,footsteps/foot_wood04.wav
loaded_sound,footsteps/land_carpet.wav
loaded_sound,footsteps/land_damage01.wav
loaded_sound,footsteps/land_damage02.wav
loaded_sound,footsteps/land_dirt.wav
loaded_sound,footsteps/land_dirt_big1.wav
loaded_sound,footsteps/land_dirt_big2.wav
loaded_sound,footsteps/land_dirt_big3.wav
loaded_sound,footsteps/land_grass.wav
loaded_sound,footsteps/land_metal.wav
loaded_sound,footsteps/land_snow.wav
loaded_sound,footsteps/land_stone.wav
loaded_sound,footsteps/land_water.wav
loaded_sound,footsteps/land_wood.wav
loaded_sound,footsteps/mrk_foot_dirtsand01.wav
loaded_sound,footsteps/mrk_foot_dirtsand02.wav
loaded_sound,footsteps/mrk_foot_dirtsand03.wav
loaded_sound,footsteps/mrk_foot_dirtsand04.wav
loaded_sound,footsteps/mrk_foot_woodcreak02.wav
loaded_sound,footsteps/mrk_foot_woodcreak03.wav
loaded_sound,footsteps/mrk_land_dirtsand.wav
loaded_sound,items/night_vision_off.wav
loaded_sound,items/night_vision_on.wav
loaded_sound,items/pickup_laptop_intelligence1.wav
loaded_sound,misc/bomb_c4_pickup1.wav
loaded_sound,misc/bomb_plant_notick02.wav
loaded_sound,misc/bomb_tick_digital1.wav
loaded_sound,misc/bush_mvmnt01.wav
loaded_sound,misc/bush_mvmnt02.wav
loaded_sound,misc/bush_mvmnt03.wav
loaded_sound,misc/metal_click.wav
loaded_sound,misc/mouse_ylselect.wav
loaded_sound,misc/mp_defuse.wav
loaded_sound,misc/mp_hit_indication_3c.wav
loaded_sound,misc/mp_plant.wav
loaded_sound,misc/mrk_breathing01.wav
loaded_sound,misc/mrk_breathing02.wav
loaded_sound,misc/mrk_breathing03.wav
loaded_sound,misc/mrk_ceiling_collapse_5c.wav
loaded_sound,misc/mrk_headshot_5.wav
loaded_sound,misc/mrk_headshot_6.wav
loaded_sound,misc/mrk_ladder_kick1.wav
loaded_sound,misc/mrk_rock_debris_2.wav
loaded_sound,misc/mrk_rock_debris_3.wav
loaded_sound,misc/mrk_rock_debris_4.wav
loaded_sound,misc/mrk_rock_debris_5.wav
loaded_sound,misc/mrk_sprintbreathing4.wav
loaded_sound,misc/mrk_sprintbreathing5.wav
loaded_sound,misc/potato_hit_brick02.wav
loaded_sound,misc/pu_grenade.wav
loaded_sound,misc/pu_health01.wav
loaded_sound,misc/pu_paper02.wav
loaded_sound,misc/pu_weapon01.wav
loaded_sound,misc/pu_weapon02.wav
loaded_sound,misc/pu_weapon04.wav
loaded_sound,misc/wpnarm_2.wav
loaded_sound,physics/default_bump_temp.wav
loaded_sound,physics/obj_car_hood_med1.wav
loaded_sound,physics/obj_car_hood_med2.wav
loaded_sound,physics/obj_car_hood_med3.wav
loaded_sound,physics/obj_weapon_clip_01.wav
loaded_sound,physics/obj_weapon_clip_02.wav
loaded_sound,physics/obj_weapon_clip_03.wav
loaded_sound,physics/obj_wood_fence_post1.wav
loaded_sound,physics/obj_wood_fence_post2.wav
loaded_sound,physics/phy_television_fall1.wav
loaded_sound,physics/phy_television_fall2.wav
loaded_sound,physics/phy_television_fall3.wav
loaded_sound,physics/physics_bottle_01.wav
loaded_sound,physics/physics_bottle_02.wav
loaded_sound,physics/physics_bottle_03.wav
loaded_sound,physics/physics_brick_01.wav
loaded_sound,physics/physics_brick_02.wav
loaded_sound,physics/physics_brick_03.wav
loaded_sound,physics/physics_brick_04.wav
loaded_sound,physics/physics_cardboard_01.wav
loaded_sound,physics/physics_cardboard_02.wav
loaded_sound,physics/physics_cardboard_03.wav
loaded_sound,physics/physics_glass_01.wav
loaded_sound,physics/physics_glass_02.wav
loaded_sound,physics/physics_glass_03.wav
loaded_sound,physics/physics_glass_04.wav
loaded_sound,physics/physics_metal_01.wav
loaded_sound,physics/physics_metal_02.wav
loaded_sound,physics/physics_metal_03.wav
loaded_sound,physics/physics_metal_04.wav
loaded_sound,physics/physics_wood_01.wav
loaded_sound,physics/physics_wood_02.wav
loaded_sound,user_interface/ui_mp_countdown_v1.wav
loaded_sound,user_interface/ui_screen_in1.wav
loaded_sound,user_interface/ui_screen_out1.wav
loaded_sound,user_interface/ui_suitcase_bomb_counter.wav
loaded_sound,user_interface/ui_text_beep1.wav
loaded_sound,vehicles/mrk_tank_03_idle.wav
loaded_sound,vehicles/mrk_tank_03_move.wav
loaded_sound,vehicles/mrk_turret_end01_22k.wav
loaded_sound,vehicles/mrk_turret_turn04_22k.wav
loaded_sound,vehicles/tank_reload.wav
loaded_sound,vehicles/veh_helicopter_hit1.wav
loaded_sound,vehicles/veh_helicopter_hit2.wav
loaded_sound,vehicles/veh_mig29_close_loop.wav
loaded_sound,vehicles/veh_mig29_mid_loop.wav
loaded_sound,voiceovers/us/icbm/icbm_grg_3_30.wav
loaded_sound,weapons/50cal/weap_50cal_temp_v2.wav
loaded_sound,weapons/abrams_120/weap_abrams120mm_fire1v6.wav
loaded_sound,weapons/ak47/weap_ak47_sl_7y3.wav
loaded_sound,weapons/ak47/weap_ak47_slst_3.wav
loaded_sound,weapons/ak47/weap_ak47_slyu_3y2.wav
loaded_sound,weapons/ak74u/weap_ak74_slmn_2b.wav
loaded_sound,weapons/ak74u/weap_ak74_slst_1.wav
loaded_sound,weapons/at4/wpn_at4_drop_v1.wav
loaded_sound,weapons/at4/wpn_at4_raise_v1.wav
loaded_sound,weapons/barrett/weap_barrett_slmn_1.wav
loaded_sound,weapons/barrett/weap_barrett_slst_2b.wav
loaded_sound,weapons/beretta/weap_beretta_sl_3c.wav
loaded_sound,weapons/beretta/weap_beretta_slst_3c.wav
loaded_sound,weapons/c4_detpack/c4_drop_dirt1.wav
loaded_sound,weapons/c4_detpack/c4_drop_dirt2.wav
loaded_sound,weapons/c4_detpack/weap_detpack_safety.wav
loaded_sound,weapons/c4_detpack/weap_detpack_trigger.wav
loaded_sound,weapons/claymore/wpfoly_claymore_plant.wav
loaded_sound,weapons/colt45/weap_usp45_slmn_y1b.wav
loaded_sound,weapons/colt45/weap_usp45_slst_y1b.wav
loaded_sound,weapons/colt45/weap_usp45sd_slmn_y1.wav
loaded_sound,weapons/colt45/weap_usp45sd_slst_y1.wav
loaded_sound,weapons/de/weap_deserteagle_slmn_2.wav
loaded_sound,weapons/de/weap_deserteagle_slst_2.wav
loaded_sound,weapons/dragunov/weap_dragunov_slmn_1.wav
loaded_sound,weapons/dragunov/weap_dragunov_slst_1.wav
loaded_sound,weapons/flak/flak88_fire02.wav
loaded_sound,weapons/flak/flak88_fire03.wav
loaded_sound,weapons/foley/mrk_breathin_01.wav
loaded_sound,weapons/foley/mrk_breathout_03.wav
loaded_sound,weapons/foley/mrk_breathout_04.wav
loaded_sound,weapons/foley/mrk_breathout_05.wav
loaded_sound,weapons/foley/mrk_heartbeat_01.wav
loaded_sound,weapons/g3/weap_g3_slst_2.wav
loaded_sound,weapons/g36/weap_g36_slmn_1.wav
loaded_sound,weapons/g36/weap_g36_slst_1.wav
loaded_sound,weapons/gp25/weap_gp25_sl_1.wav
loaded_sound,weapons/grenade/grenade_bounce_earth07.wav
loaded_sound,weapons/grenade/grenade_bounce_stone01.wav
loaded_sound,weapons/grenade/grenade_bounce_stone02.wav
loaded_sound,weapons/grenade/grenade_bounce_stone03.wav
loaded_sound,weapons/grenade/grenade_bounce_stone04.wav
loaded_sound,weapons/grenade/grenade_bounce_stone05.wav
loaded_sound,weapons/grenade/grenade_bounce_wood05.wav
loaded_sound,weapons/grenade/grenade_bounce_wood06.wav
loaded_sound,weapons/grenade/grenade_bounce_wood07.wav
loaded_sound,weapons/grenade/grenade_toss.wav
loaded_sound,weapons/grenade/mrk_grenade_2.wav
loaded_sound,weapons/grenade/mrk_grenade_3.wav
loaded_sound,weapons/grenade/mrk_grenade_4.wav
loaded_sound,weapons/grenade/mrk_grenade_5.wav
loaded_sound,weapons/grenade/smoke_grenade5d_22k.wav
loaded_sound,weapons/grenade/us_grenade_pin.wav
loaded_sound,weapons/grenade/weap_expl_flash_bang1.wav
loaded_sound,weapons/grenade/weap_expl_flash_bang2.wav
loaded_sound,weapons/grenade/weap_expl_flash_bang3.wav
loaded_sound,weapons/impact/blt_impact_auto_glass01.wav
loaded_sound,weapons/impact/blt_impact_auto_glass02.wav
loaded_sound,weapons/impact/blt_impact_auto_glass03.wav
loaded_sound,weapons/impact/blt_impact_auto_glass04.wav
loaded_sound,weapons/impact/bullet_canvas01.wav
loaded_sound,weapons/impact/bullet_canvas02.wav
loaded_sound,weapons/impact/bullet_canvas03.wav
loaded_sound,weapons/impact/bullet_canvas04.wav
loaded_sound,weapons/impact/bullet_canvas05.wav
loaded_sound,weapons/impact/bullet_canvas06.wav
loaded_sound,weapons/impact/bullet_canvas07.wav
loaded_sound,weapons/impact/bullet_canvas08.wav
loaded_sound,weapons/impact/bullet_canvas09.wav
loaded_sound,weapons/impact/bullet_flesh_mega.wav
loaded_sound,weapons/impact/bullet_glass01.wav
loaded_sound,weapons/impact/bullet_glass02.wav
loaded_sound,weapons/impact/bullet_glass03.wav
loaded_sound,weapons/impact/bullet_glass04.wav
loaded_sound,weapons/impact/bullet_glass05.wav
loaded_sound,weapons/impact/bullet_glass06.wav
loaded_sound,weapons/impact/bullet_glass07.wav
loaded_sound,weapons/impact/bullet_glass08.wav
loaded_sound,weapons/impact/bullet_glass09.wav
loaded_sound,weapons/impact/bullet_glass10.wav
loaded_sound,weapons/impact/bullet_imp_crate01.wav
loaded_sound,weapons/impact/bullet_imp_crate02.wav
loaded_sound,weapons/impact/bullet_imp_crate03.wav
loaded_sound,weapons/impact/bullet_imp_crate04.wav
loaded_sound,weapons/impact/bullet_imp_piano01.wav
loaded_sound,weapons/impact/bullet_imp_plate02.wav
loaded_sound,weapons/impact/bullet_imp_plate04.wav
loaded_sound,weapons/impact/bullet_imp_plate05.wav
loaded_sound,weapons/impact/bullet_teddybear01.wav
loaded_sound,weapons/impact/bullet_teddybear05.wav
loaded_sound,weapons/impact/bullet_water01.wav
loaded_sound,weapons/impact/bullet_water02.wav
loaded_sound,weapons/impact/bullet_water03.wav
loaded_sound,weapons/impact/bullet_water04.wav
loaded_sound,weapons/impact/bullet_water05.wav
loaded_sound,weapons/impact/imp_wood_20mm01.wav
loaded_sound,weapons/impact/imp_wood_20mm02.wav
loaded_sound,weapons/impact/imp_wood_20mm03.wav
loaded_sound,weapons/impact/imp_wood_20mm04.wav
loaded_sound,weapons/impact/impact_dirt_01.wav
loaded_sound,weapons/impact/impact_dirt_02.wav
loaded_sound,weapons/impact/impact_dirt_03.wav
loaded_sound,weapons/impact/impact_dirt_04.wav
loaded_sound,weapons/impact/impact_dirt_05.wav
loaded_sound,weapons/impact/impact_dirt_06.wav
loaded_sound,weapons/impact/impact_dirt_07.wav
loaded_sound,weapons/impact/impact_dirt_08.wav
loaded_sound,weapons/impact/impact_dirt_09.wav
loaded_sound,weapons/impact/impact_dirt_10.wav
loaded_sound,weapons/impact/impact_dirt_11.wav
loaded_sound,weapons/impact/impact_dirt_12.wav
loaded_sound,weapons/impact/impact_dirt_13.wav
loaded_sound,weapons/impact/impact_dirt_14.wav
loaded_sound,weapons/impact/impact_dirt_15.wav
loaded_sound,weapons/impact/impact_flesh_06.wav
loaded_sound,weapons/impact/impact_flesh_16.wav
loaded_sound,weapons/impact/impact_foliage_01.wav
loaded_sound,weapons/impact/impact_foliage_02.wav
loaded_sound,weapons/impact/impact_foliage_03.wav
loaded_sound,weapons/impact/impact_foliage_04.wav
loaded_sound,weapons/impact/impact_foliage_05.wav
loaded_sound,weapons/impact/impact_foliage_06.wav
loaded_sound,weapons/impact/impact_foliage_07.wav
loaded_sound,weapons/impact/impact_foliage_08.wav
loaded_sound,weapons/impact/impact_foliage_09.wav
loaded_sound,weapons/impact/impact_foliage_10.wav
loaded_sound,weapons/impact/impact_foliage_11.wav
loaded_sound,weapons/impact/impact_foliage_12.wav
loaded_sound,weapons/impact/impact_foliage_13.wav
loaded_sound,weapons/impact/impact_foliage_14.wav
loaded_sound,weapons/impact/impact_masonry_01.wav
loaded_sound,weapons/impact/impact_masonry_02.wav
loaded_sound,weapons/impact/impact_masonry_03.wav
loaded_sound,weapons/impact/impact_masonry_04.wav
loaded_sound,weapons/impact/impact_masonry_05.wav
loaded_sound,weapons/impact/impact_masonry_06.wav
loaded_sound,weapons/impact/impact_masonry_07.wav
loaded_sound,weapons/impact/impact_masonry_08.wav
loaded_sound,weapons/impact/impact_masonry_09.wav
loaded_sound,weapons/impact/impact_masonry_10.wav
loaded_sound,weapons/impact/impact_masonry_11.wav
loaded_sound,weapons/impact/impact_masonry_12.wav
loaded_sound,weapons/impact/impact_masonry_13.wav
loaded_sound,weapons/impact/impact_masonry_15.wav
loaded_sound,weapons/impact/impact_masonry_16.wav
loaded_sound,weapons/impact/impact_masonry_19.wav
loaded_sound,weapons/impact/impact_masonry_20.wav
loaded_sound,weapons/impact/impact_masonry_21.wav
loaded_sound,weapons/impact/impact_masonry_22.wav
loaded_sound,weapons/impact/impact_masonry_24.wav
loaded_sound,weapons/impact/impact_masonry_25.wav
loaded_sound,weapons/impact/impact_masonry_27.wav
loaded_sound,weapons/impact/impact_masonry_28.wav
loaded_sound,weapons/impact/impact_masonry_30.wav
loaded_sound,weapons/impact/impact_metal_a01.wav
loaded_sound,weapons/impact/impact_metal_a02.wav
loaded_sound,weapons/impact/impact_metal_a03.wav
loaded_sound,weapons/impact/impact_metal_a04.wav
loaded_sound,weapons/impact/impact_metal_a05.wav
loaded_sound,weapons/impact/impact_metal_a07.wav
loaded_sound,weapons/impact/impact_metal_a14.wav
loaded_sound,weapons/impact/impact_metal_a15.wav
loaded_sound,weapons/impact/impact_metal_a16.wav
loaded_sound,weapons/impact/impact_metal_a17.wav
loaded_sound,weapons/impact/impact_metal_b01.wav
loaded_sound,weapons/impact/impact_metal_b02.wav
loaded_sound,weapons/impact/impact_metal_b03.wav
loaded_sound,weapons/impact/impact_metal_b05.wav
loaded_sound,weapons/impact/impact_metal_b14.wav
loaded_sound,weapons/impact/impact_metal_b15.wav
loaded_sound,weapons/impact/impact_metal_b18.wav
loaded_sound,weapons/impact/impact_metal_b19.wav
loaded_sound,weapons/impact/impact_metal_b20.wav
loaded_sound,weapons/impact/impact_metal_b21.wav
loaded_sound,weapons/impact/impact_snow_01.wav
loaded_sound,weapons/impact/impact_snow_02.wav
loaded_sound,weapons/impact/impact_snow_03.wav
loaded_sound,weapons/impact/impact_vase_01.wav
loaded_sound,weapons/impact/impact_vase_02.wav
loaded_sound,weapons/impact/impact_vase_03.wav
loaded_sound,weapons/impact/impact_wood_01.wav
loaded_sound,weapons/impact/impact_wood_02.wav
loaded_sound,weapons/impact/impact_wood_03.wav
loaded_sound,weapons/impact/impact_wood_04.wav
loaded_sound,weapons/impact/impact_wood_05.wav
loaded_sound,weapons/impact/impact_wood_06.wav
loaded_sound,weapons/impact/impact_wood_07.wav
loaded_sound,weapons/impact/impact_wood_08.wav
loaded_sound,weapons/impact/impact_wood_09.wav
loaded_sound,weapons/impact/impact_wood_10.wav
loaded_sound,weapons/impact/impact_wood_11.wav
loaded_sound,weapons/impact/impact_wood_12.wav
loaded_sound,weapons/impact/impact_wood_13.wav
loaded_sound,weapons/impact/impact_wood_14.wav
loaded_sound,weapons/impact/impact_wood_15.wav
loaded_sound,weapons/impact/impact_wood_20.wav
loaded_sound,weapons/impact/mrk_impact_flesh11b.wav
loaded_sound,weapons/impact/mrk_impact_flesh12b.wav
loaded_sound,weapons/impact/mrk_impact_flesh13b.wav
loaded_sound,weapons/impact/mrk_impact_flesh20c.wav
loaded_sound,weapons/impact/mrk_impact_flesh21.wav
loaded_sound,weapons/impact/mrk_impact_flesh3b.wav
loaded_sound,weapons/impact/mrk_impact_flesh8b.wav
loaded_sound,weapons/impact/mrk_impact_flesh9b.wav
loaded_sound,weapons/impact/mrk_impact_flesh_layer2.wav
loaded_sound,weapons/impact/mrk_impact_flesh_layer3.wav
loaded_sound,weapons/impact/pistol_shell.wav
loaded_sound,weapons/impact/ric1.wav
loaded_sound,weapons/impact/ric2.wav
loaded_sound,weapons/impact/ric3.wav
loaded_sound,weapons/impact/rifle_shell.wav
loaded_sound,weapons/javelin/weap_javelin_ignition_v1.wav
loaded_sound,weapons/kar98_rechamber.wav
loaded_sound,weapons/m14/weap_m14_slmn_5.wav
loaded_sound,weapons/m14/weap_m14_slst_5.wav
loaded_sound,weapons/m203/weap_m203_sl_1b.wav
loaded_sound,weapons/m249/weap_m249_mono5.wav
loaded_sound,weapons/m249/weap_m249_sl_1.wav
loaded_sound,weapons/m249/weap_m249_slst_1.wav
loaded_sound,weapons/m4/weap_m4_silencer_sl_1x.wav
loaded_sound,weapons/m4/weap_m4_silencer_slst_1x.wav
loaded_sound,weapons/m4/weap_m4_slmn_2c1.wav
loaded_sound,weapons/m4/weap_m4_slst_1c4.wav
loaded_sound,weapons/m60/weap_m60_sl_1.wav
loaded_sound,weapons/m60/weap_m60_slst_1.wav
loaded_sound,weapons/melee/h2h_knife_impact_other1.wav
loaded_sound,weapons/melee/h2h_knife_impact_other2.wav
loaded_sound,weapons/melee/h2h_knife_impact_other3.wav
loaded_sound,weapons/melee/h2h_knife_slice1.wav
loaded_sound,weapons/melee/h2h_knife_slice2.wav
loaded_sound,weapons/melee/h2h_knife_stab1.wav
loaded_sound,weapons/melee/h2h_knife_stab2.wav
loaded_sound,weapons/melee/h2h_knife_swing1.wav
loaded_sound,weapons/melee/h2h_knife_swing2.wav
loaded_sound,weapons/melee/h2h_knife_watermelon_splat1.wav
loaded_sound,weapons/melee/h2h_melee_punch1.wav
loaded_sound,weapons/melee/h2h_melee_punch2.wav
loaded_sound,weapons/melee/melee_hit01.wav
loaded_sound,weapons/melee/melee_hit02.wav
loaded_sound,weapons/melee/melee_neck_break1.wav
loaded_sound,weapons/melee/melee_neck_break2.wav
loaded_sound,weapons/melee/melee_swing01.wav
loaded_sound,weapons/melee/melee_swing03.wav
loaded_sound,weapons/mg42/mrk_mg42cooldown_1.wav
loaded_sound,weapons/mg42/mrk_mg42loop_1b.wav
loaded_sound,weapons/miniuzi/weap_miniuzi_sl_1d.wav
loaded_sound,weapons/miniuzi/weap_miniuzi_slst_2b.wav
loaded_sound,weapons/mp5/weap_mp5_silencer_slmn_2d.wav
loaded_sound,weapons/mp5/weap_mp5_silencer_slst_2d.wav
loaded_sound,weapons/mp5/weap_mp5_slst_4.wav
loaded_sound,weapons/mrk_clipin_1.wav
loaded_sound,weapons/mrk_clipout_1.wav
loaded_sound,weapons/p90/weap_p90_silencer_slmn_1.wav
loaded_sound,weapons/p90/weap_p90_silencer_slst_1.wav
loaded_sound,weapons/p90/weap_p90_slmn_1.wav
loaded_sound,weapons/p90/weap_p90_slst_1.wav
loaded_sound,weapons/ricochet/mrk_rico_dirt02.wav
loaded_sound,weapons/ricochet/mrk_rico_glass01.wav
loaded_sound,weapons/ricochet/mrk_rico_mason02.wav
loaded_sound,weapons/ricochet/mrk_rico_mason03.wav
loaded_sound,weapons/ricochet/mrk_rico_metal01.wav
loaded_sound,weapons/ricochet/mrk_rico_metal02.wav
loaded_sound,weapons/ricochet/mrk_rico_metal03.wav
loaded_sound,weapons/ricochet/mrk_rico_wood01.wav
loaded_sound,weapons/ricochet/mrk_rico_wood04.wav
loaded_sound,weapons/rocket_57mm/weap_57mm_rocket_fire1.wav
loaded_sound,weapons/rocket_57mm/weap_57mm_rocket_fire2.wav
loaded_sound,weapons/rocket_57mm/weap_57mm_rocket_fire3.wav
loaded_sound,weapons/rocket_57mm/weap_57mm_rocket_trail_close.wav
loaded_sound,weapons/rocket_57mm/weap_57mm_rocket_trail_dist.wav
loaded_sound,weapons/rpd/weap_rpd_slmn_1.wav
loaded_sound,weapons/rpd/weap_rpd_slst_1b.wav
loaded_sound,weapons/rpg7/weap_rpg7_sl_2.wav
loaded_sound,weapons/rpg7/weap_rpg7loop_sl_1.wav
loaded_sound,weapons/rpg7/weap_rpg_trail_loop_flamehiss2.wav
loaded_sound,weapons/rpg7/weap_rpg_trail_loop_whippigwhistle3.wav
loaded_sound,weapons/shells/weap_shellcase_1.wav
loaded_sound,weapons/shells/weap_shellcase_2.wav
loaded_sound,weapons/shells/weap_shellcase_3.wav
loaded_sound,weapons/shells/weap_shellcase_4.wav
loaded_sound,weapons/shotgun/mrk_12ga_shotgun_pump1.wav
loaded_sound,weapons/shotgun/weap_m1014_slmn_y1b.wav
loaded_sound,weapons/shotgun/weap_m1014_slst_y1b.wav
loaded_sound,weapons/shotgun/weap_win1200_slmn_2.wav
loaded_sound,weapons/shotgun/weap_win1200_slst_2.wav
loaded_sound,weapons/shotgun/wpnfoley_shotgun_load3.wav
loaded_sound,weapons/skorpion/weap_skorpion_slmn_1bx.wav
loaded_sound,weapons/skorpion/weap_skorpion_slst_2.wav
loaded_sound,weapons/sniper/weap_762mm_sniper_slmn_4.wav
loaded_sound,weapons/sniper/weap_762mm_sniper_slst_4.wav
loaded_sound,weapons/weap_dryfire_pistol.wav
loaded_sound,weapons/weap_dryfire_rifle.wav
loaded_sound,weapons/weap_dryfire_smg.wav
loaded_sound,whizbys/mrk_whyzby1b.wav
loaded_sound,whizbys/mrk_whyzby22.wav
loaded_sound,whizbys/mrk_whyzby23.wav
loaded_sound,whizbys/mrk_whyzby24.wav
loaded_sound,whizbys/mrk_whyzby2b.wav
loaded_sound,whizbys/mrk_whyzby3b.wav
loaded_sound,whizbys/mrk_whyzby4b.wav
loaded_sound,whizbys/mrk_whyzby5b.wav
loaded_sound,whizbys/mrk_whyzby6b.wav
loaded_sound,whizbys/mrk_whyzby7b.wav
loaded_sound,whizbys/mrk_whyzby8b.wav
loaded_sound,whizbys/whizby09.wav
loaded_sound,whizbys/whizby10.wav
loaded_sound,whizbys/whizby11.wav
loaded_sound,whizbys/whizby12.wav
loaded_sound,whizbys/whizby13.wav
loaded_sound,whizbys/whizby14.wav
loaded_sound,whizbys/whizby15.wav
font,fonts/bigdevfont
