material,veh_centercircle
material,veh_movingcircle
material,veh_hud_line
material,veh_hud_diamond
material,hud_weaponmode_full
material,hudsoftline
material,hudsoftlineh
material,hudfriendlyfire
material,hint_usable
material,hint_mantle
material,stance_stand
material,stance_crouch
material,stance_prone
material,stance_flash
material,objective
material,objective_line
material,objective_down
material,objective_ring
material,hit_direction
material,hud_checkbox_active
material,hud_checkbox_current
material,hud_checkbox_done
material,hud_checkbox_fail
material,compassping_friendlyfiring
material,compassping_friendlyyelling
material,compassping_enemyfiring
material,compassping_enemyyelling
material,compassping_grenade
material,compassping_explosion
material,compassping_player
material,compass_map_default
material,minimap_light_on
material,hud_flashbangicon
material,gfx_rain_drop
material,gfx_tracer
material,gfx_laser
material,gfx_laser_light
material,overlay_low_health
material,overlay_low_health_compass
material,menu_screenbg
material,hint_friendly
material,code_warning_serverfps
material,code_warning_maxeffects
material,code_warning_soundcpu
material,code_warning_snapshotents
material,code_warning_models
material,hud_bullets_rifle
material,hud_bullets_pistol
material,hud_bullets_sniper
material,hud_bullets_spread
material,hud_bullets_support_front
material,hud_bullets_support_back
material,hud_burningcaricon
material,hud_burningbarrelicon
material,hud_grenadeicon
material,hud_grenadethrowback
material,hud_grenadepointer
material,hud_offscreenobjectivepointer
material,hint_health
material,hud_dpad
material,hud_dpad_arrow
material,ammo_counter_beltbullet
material,ammo_counter_bullet
material,ammo_counter_riflebullet
material,ammo_counter_rocket
material,ammo_counter_shotgunshell
material,decode_characters
material,decode_characters_glow
material,damage_feedback
material,ui_perforation
material,compass_objpoint_airstrike
material,compass_objpoint_helicopter
material,hud_objective_tank
material,arcademode_life