material,white_additive
material,black
material,ui_perforation
material,gradient_center
material,line_vertical
material,gradient_fadein
material,waypoint_bombsquad
material,score_bar_allies
material,score_bar_opfor
material,headicon_tag_it
material,overlay_tag_it
material,hud_status_dead
material,hud_status_connecting
material,objpoint_default
material,objpoint_flak
material,objpoint_flak_busy
material,objpoint_ammo
material,objpoint_ammo_busy
material,objpoint_satallite
material,objpoint_satallite_busy
material,objpoint_satallite_friendly
material,compass_objpoint_flak
material,compass_objpoint_flak_busy
material,compass_objpoint_ammo
material,compass_objpoint_ammo_busy
material,compass_objpoint_satallite
material,compass_objpoint_satallite_busy
material,compass_objpoint_satallite_friendly
material,compass_objpoint_airstrike
material,compass_objpoint_airstrike_busy
material,compass_objpoint_airstrike_friendly
material,compass_objpoint_helicopter
material,compass_objpoint_helicopter_busy
material,compass_objpoint_helicopter_friendly
material,headicon_dead
material,damage_feedback
material,damage_feedback_j
material,hudsoftline
material,hudsoftlineh
material,net_disconnect
material,killicondied
material,killiconcrush
material,killiconfalling
material,killiconsuicide
material,killiconheadshot
material,killiconmelee
material,killiconimpact
material,lagometer
material,headicondisconnected
material,headiconyouinkillcam
material,hint_usable
material,hint_friendly
material,stance_stand
material,stance_crouch
material,stance_prone
material,stance_flash
material,objective
material,objective_line
material,objective_friendly
material,objective_friendly_chat
material,hit_direction
material,hint_mantle
material,hud_checkbox_clear
material,hud_checkbox_checked
material,hud_checkbox_fail
material,compass_radarline
material,compassping_friendly_mp
material,compassping_friendlyfiring_mp
material,compassping_friendlyyelling_mp
material,compassping_enemy
material,compassping_enemyfiring
material,compassping_enemyyelling
material,compassping_grenade
material,compassping_explosion
material,compassping_player
material,minimap_background
material,minimap_light_on
material,hud_grenadeicon
material,hud_flashbangicon
material,hud_grenadepointer
material,hud_grenadethrowback
material,hud_offscreenobjectivepointer
material,hudcolorbar
material,hudicon_american
material,headiconvoicechat
material,headicontalkballoon
material,hudscoreboardscroll_uparrow
material,hudscoreboardscroll_upkey
material,hudscoreboardscroll_downarrow
material,hudscoreboardscroll_downkey
material,headicon_american
material,headicon_opfor
material,headicon_british
material,headicon_russian
material,hudicon_neutral
material,objective_american
material,objective_german
material,compass_flag_opfor
material,compass_flag_american
material,compass_flag_british
material,compass_flag_russian
material,compass_noflag_opfor
material,compass_noflag_american
material,compass_noflag_british
material,compass_noflag_russian
material,compass_flag_neutral
material,headicon_carrier
material,objpoint_flag_american
material,objpoint_flag_opfor
material,objpoint_flag_russian
material,objpoint_flag_british
material,objpoint_flag_x_american
material,objpoint_flag_x_opfor
material,objpoint_flag_x_russian
material,objpoint_flag_x_british
material,objpoint_bomb
material,objpoint_radio
material,objpoint_tank
material,waypoint_bomb
material,waypoint_kill
material,waypoint_bomb_enemy
material,waypoint_bomb_headicon
material,waypoint_defend_headicon
material,waypoint_taken_neutral
material,waypoint_taken_enemy
material,waypoint_taken_friendly
material,compass_waypoint_taken_neutral
material,compass_waypoint_taken_enemy
material,compass_waypoint_taken_friendly
material,hud_suitcase_bomb
material,waypoint_defend
material,waypoint_defuse
material,waypoint_target
material,waypoint_targetneutral
material,waypoint_capture
material,waypoint_captureneutral
material,hudstopwatch
material,hudstopwatchneedle
material,objpoint_star
material,objpoint_a
material,objpoint_b
material,mpflag_spectator
material,mpflag_german
material,mpflag_british
material,mpflag_none
material,mpflag_american
material,field_radio
material,field_radio_conflict

material,dtimer_bg
material,dtimer_bg_border
material,dtimer_0
material,dtimer_1
material,dtimer_2
material,dtimer_3
material,dtimer_4
material,dtimer_5
material,dtimer_6
material,dtimer_7
material,dtimer_8
material,dtimer_9

material,map_artillery_selector
material,overlay_low_health
material,gfx_tracer
material,gfx_laser
material,gfx_laser_light
material,mpflag_russian
material,hudicon_opfor
material,hud_bullets_rifle
material,hud_bullets_pistol
material,hud_bullets_sniper
material,hud_bullets_spread
material,hud_bullets_support_front
material,hud_bullets_support_back
material,objective_marines
material,objective_opfor
material,voice_on
material,voice_off
material,objectiveb
material,objectivea
material,defusebomb
material,plantbomb
material,hint_health
material,hud_teamcaret

material,compass_waypoint_target_a
material,compass_waypoint_target_b
material,compass_waypoint_defuse_a
material,compass_waypoint_defuse_b
material,compass_waypoint_capture_a
material,compass_waypoint_capture_b
material,compass_waypoint_capture_c
material,compass_waypoint_capture_d
material,compass_waypoint_capture_e
material,compass_waypoint_captureneutral_a
material,compass_waypoint_captureneutral_b
material,compass_waypoint_captureneutral_c
material,compass_waypoint_captureneutral_d
material,compass_waypoint_captureneutral_e
material,compass_waypoint_defend_a
material,compass_waypoint_defend_b
material,compass_waypoint_defend_c
material,compass_waypoint_defend_d
material,compass_waypoint_defend_e
material,compass_waypoint_target
material,compass_waypoint_defend
material,compass_waypoint_defuse
material,compass_waypoint_bomb
material,compass_waypoint_capture
material,compass_waypoint_captureneutral

material,waypoint_capture_a
material,waypoint_capture_b
material,waypoint_capture_c
material,waypoint_capture_d
material,waypoint_capture_e
material,waypoint_captureneutral_a
material,waypoint_captureneutral_b
material,waypoint_captureneutral_c
material,waypoint_captureneutral_d
material,waypoint_captureneutral_e
material,waypoint_defend_a
material,waypoint_defend_b
material,waypoint_defend_c
material,waypoint_defend_d
material,waypoint_defend_e
material,waypoint_target_a
material,waypoint_target_b
material,waypoint_defuse_a
material,waypoint_defuse_b
material,waypoint_airstrike_white
material,waypoint_airstrike_red
material,waypoint_airstrike_green
material,waypoint_radar_white
material,waypoint_radar_red
material,waypoint_radar_green
material,waypoint_heli_white
material,waypoint_heli_green
material,waypoint_heli_red

material,floatz_display
material,progress_bar_bg
material,progress_bar_fg
material,progress_bar_fg_sel
material,progress_bar_fill
material,nightvision_overlay_goggles
material,hud_icon_nvg
material,ammo_counter_beltbullet
material,ammo_counter_bullet
material,ammo_counter_riflebullet
material,ammo_counter_rocket
material,ammo_counter_shotgunshell
material,hud_dpad_arrow
material,ui_arrow_right
material,score_bar_bg
material,decode_characters
material,decode_characters_glow
material,faction_128_arab
material,faction_128_sas
material,faction_128_ussr
material,faction_128_usmc

material,weapon_attachment_acog
material,weapon_attachment_gp25
material,weapon_attachment_grip
material,weapon_attachment_m203
material,weapon_attachment_reflex
material,weapon_attachment_suppressor

material,weapon_flashbang
material,weapon_fraggrenade
material,weapon_concgrenade
material,weapon_smokegrenade
material,weapon_c4
material,weapon_claymore
material,weapon_rpg7
material,weapon_ak47
material,weapon_aks74u
material,weapon_aw50
material,weapon_barrett50cal
material,weapon_benelli_m4
material,weapon_colt_45
material,weapon_colt_45_silencer
material,weapon_desert_eagle
material,weapon_desert_eagle_gold
material,weapon_dragunovsvd
material,weapon_g3
material,weapon_g36c
material,weapon_gp25
material,weapon_m14
material,weapon_m14_scoped
material,weapon_m16a4
material,weapon_m203
material,weapon_m249saw
material,weapon_m40a3
material,weapon_m4carbine
material,weapon_m60e4
material,weapon_m9beretta
material,weapon_m9beretta_silencer
material,weapon_mini_uzi
material,weapon_mp44
material,weapon_mp5
material,weapon_p90
material,weapon_remington700
material,weapon_rpd
material,weapon_skorpion
material,weapon_usp_45
material,weapon_usp_45_silencer
material,weapon_winchester1200
material,weapon_missing_image

material,scorebar_usmc
material,scorebar_sas
material,scorebar_ussr
material,scorebar_arab

material,ui_camoskin_brock
material,ui_camoskin_bwmrpt
material,ui_camoskin_bshdwl
material,ui_camoskin_cmdtgr
material,ui_camoskin_stagger
material,ui_camoskin_gold

material,specialty_parabolic
material,specialty_gpsjammer
material,specialty_holdbreath
material,specialty_quieter
material,specialty_longersprint
material,specialty_detectexplosive
material,specialty_explosivedamage
material,specialty_pistoldeath
material,specialty_grenadepulldeath
material,specialty_bulletdamage
material,specialty_bulletpenetration
material,specialty_bulletaccuracy
material,specialty_rof
material,specialty_fastreload
material,specialty_extraammo
material,specialty_twoprimaries
material,specialty_armorvest
material,specialty_fraggrenade
material,specialty_specialgrenade
material,specialty_locked
material,specialty_weapon_rpg
material,specialty_weapon_c4
material,specialty_weapon_claymore
material,specialty_null

material,compass_overlay_map_blank

material,hitech_arrow_right
