rawfile,vision/wetwork.vision
rawfile,vision/ac130.vision
rawfile,vision/ac130_inverted.vision
rawfile,vision/aftermath.vision
rawfile,vision/airplane.vision
rawfile,vision/ambush.vision
rawfile,vision/armada.vision
rawfile,vision/armada_ground.vision
rawfile,vision/armada_tvs.vision
rawfile,vision/armada_sound.vision
rawfile,vision/armada_water.vision
rawfile,vision/bog.vision
rawfile,vision/bog_a.vision
rawfile,vision/blacktest.vision
rawfile,vision/blackout.vision
rawfile,vision/blackout_darkness.vision
rawfile,vision/blackout_nvg.vision
rawfile,vision/bog_a_sunrise.vision
rawfile,vision/bog_b.vision
rawfile,vision/cargoship.vision
rawfile,vision/cargoship_indoor.vision
rawfile,vision/cargoship_indoor2.vision
rawfile,vision/cargoship_blast.vision
rawfile,vision/cobra_down.vision
rawfile,vision/cobra_sunset1.vision
rawfile,vision/cobra_sunset2.vision
rawfile,vision/cobra_sunset3.vision
rawfile,vision/cobrapilot.vision
rawfile,vision/coup.vision
rawfile,vision/coup_sunblind.vision
rawfile,vision/coup_hit.vision
rawfile,vision/default.vision
rawfile,vision/default_night.vision
rawfile,vision/exterior_concept.vision
rawfile,vision/helicopter_ride.vision
rawfile,vision/hunted.vision
rawfile,vision/hunted_crash.vision
rawfile,vision/icbm.vision
rawfile,vision/icbm_launch.vision
rawfile,vision/icbm_sunrise0.vision
rawfile,vision/icbm_sunrise1.vision
rawfile,vision/icbm_sunrise2.vision
rawfile,vision/icbm_sunrise3.vision
rawfile,vision/icbm_sunrise4.vision
rawfile,vision/icbm_interior.vision
rawfile,vision/interior_concept.vision
rawfile,vision/introscreen.vision
rawfile,vision/jeepride.vision
rawfile,vision/jeepride_tunnel.vision
rawfile,vision/jeepride_cobra.vision
rawfile,vision/killhouse.vision
rawfile,vision/launchfacility.vision
rawfile,vision/launchfacility_a.vision
rawfile,vision/launchfacility_b.vision
rawfile,vision/mp_backlot.vision
rawfile,vision/mp_bloc.vision
rawfile,vision/mp_bog.vision
rawfile,vision/mp_convoy.vision
rawfile,vision/mp_countdown.vision
rawfile,vision/mp_citystreets.vision
rawfile,vision/mp_crash.vision
rawfile,vision/mp_farm.vision
rawfile,vision/mp_shipment.vision
rawfile,vision/mp_overgrown.vision
rawfile,vision/mp_pipeline.vision
rawfile,vision/mp_hill.vision
rawfile,vision/mp_cargoship.vision
rawfile,vision/mp_strike.vision
rawfile,vision/mp_crossfire.vision
rawfile,vision/mp_dusk.vision
rawfile,vision/mp_vacant.vision
rawfile,vision/mp_showdown.vision
rawfile,vision/nate_test.vision
rawfile,vision/parabolic.vision
rawfile,vision/school.vision
rawfile,vision/scoutsniper.vision
rawfile,vision/seaknight_assault.vision
rawfile,vision/sniperescape.vision
rawfile,vision/sniperescape_outside.vision
rawfile,vision/sniperescape_glow_off.vision
rawfile,vision/strike.vision
rawfile,vision/village_assault.vision
rawfile,vision/village_defend.vision
rawfile,vision/mpIntro.vision
rawfile,vision/mpOutro.vision
rawfile,vision/grayscale.vision
rawfile,vision/jeepride_zak.vision
rawfile,vision/cheat_bw_invert_contrast.vision
rawfile,vision/cheat_bw_invert.vision
rawfile,vision/cheat_bw_contrast.vision
rawfile,vision/cheat_bw.vision
rawfile,vision/cheat_invert_contrast.vision
rawfile,vision/cheat_invert.vision
rawfile,vision/cheat_contrast.vision
rawfile,vision/jeepride_flyaway.vision
rawfile,vision/sepia.vision
rawfile,vision/cheat_chaplinnight.vision
